[{"Question": "What is the embryological origin of the hyoid bone?", "1": "The first pharyngeal arch", "2": "The first and second pharyngeal arches", "3": "The second pharyngeal arch", "4": "The second and third pharyngeal arches", "5": "D", "Answer": "The second and third pharyngeal arches"}, {"Question": "Which of these branches of the trigeminal nerve contain somatic motor processes?", "1": "The supraorbital nerve", "2": "The infraorbital nerve", "3": "The mental nerve", "4": "None of the above", "5": "D", "Answer": "None of the above"}, {"Question": "The pleura", "1": "have no sensory innervation.", "2": "are separated by a 2 mm space.", "3": "extend into the neck.", "4": "are composed of respiratory epithelium.", "5": "C", "Answer": "extend into the neck."}, {"Question": "In Angle's Class II Div 2 occlusion there is", "1": "excess overbite of the upper lateral incisors.", "2": "negative overjet of the upper central incisors.", "3": "excess overjet of the upper lateral incisors.", "4": "excess overjet of the upper central incisors.", "5": "C", "Answer": "excess overjet of the upper lateral incisors."}, {"Question": "Which of the following is the body cavity that contains the pituitary gland?", "1": "Abdominal", "2": "Cranial", "3": "Pleural", "4": "Spinal", "5": "B", "Answer": "Cranial"}, {"Question": "Glucose is transported into the muscle cell:", "1": "via protein transporters called GLUT4.", "2": "only in the presence of insulin.", "3": "via hexokinase.", "4": "via monocarbylic acid transporters.", "5": "A", "Answer": "via protein transporters called GLUT4."}, {"Question": "Which of the following is not a true statement?", "1": "Muscle glycogen is broken down enzymatically to glucose-1-phosphate", "2": "Elite endurance runners have a high proportion of Type I fibres in their leg muscles", "3": "Liver glycogen is important in the maintenance of the blood glucose concentration", "4": "Insulin promotes glucose uptake by all tissues in the body", "5": "D", "Answer": "Insulin promotes glucose uptake by all tissues in the body"}, {"Question": "In a genetic test of a newborn, a rare genetic disorder is found that has X-linked recessive transmission. Which of the following statements is likely true regarding the pedigree of this disorder?", "1": "All descendants on the maternal side will have the disorder.", "2": "Females will be approximately twice as affected as males in this family.", "3": "All daughters of an affected male will be affected.", "4": "There will be equal distribution of males and females affected.", "5": "C", "Answer": "All daughters of an affected male will be affected."}, {"Question": "A high school science teacher fills a 1 liter bottle with pure nitrogen and seals the lid. The pressure is 1.70 atm, and the room temperature is 25\u00b0C. Which two variables will both increase the pressure of the system, if all other variables are held constant?", "1": "Increasing temperature, increasing moles of gas", "2": "Increasing temperature, increasing volume", "3": "Decreasing volume, decreasing temperature", "4": "Decreasing moles of gas, increasing volume", "5": "A", "Answer": "Increasing temperature, increasing moles of gas"}, {"Question": "An expected side effect of creatine supplementation is:", "1": "muscle weakness.", "2": "gain in body mass.", "3": "muscle cramps.", "4": "loss of electrolytes.", "5": "B", "Answer": "gain in body mass."}, {"Question": "The energy for all forms of muscle contraction is provided by:", "1": "ATP.", "2": "ADP.", "3": "phosphocreatine.", "4": "oxidative phosphorylation.", "5": "A", "Answer": "ATP."}, {"Question": "What is the difference between a male and a female catheter?", "1": "Male and female catheters are different colours.", "2": "Male catheters are longer than female catheters.", "3": "Male catheters are bigger than female catheters.", "4": "Female catheters are longer than male catheters.", "5": "B", "Answer": "Male catheters are longer than female catheters."}, {"Question": "In the assessment of the hand function which of the following is true?", "1": "Abduction of the thumb is supplied by spinal root T2", "2": "Opposition of the thumb by opponens policis is supplied by spinal root T1", "3": "Finger adduction is supplied by the median nerve", "4": "Finger abduction is mediated by the palmar interossei", "5": "B", "Answer": "Opposition of the thumb by opponens policis is supplied by spinal root T1"}, {"Question": "How many attempts should you make to cannulate a patient before passing the job on to a senior colleague, according to the medical knowledge of 2020?", "1": "4", "2": "3", "3": "2", "4": "1", "5": "C", "Answer": "2"}, {"Question": "Glycolysis is the name given to the pathway involving the conversion of:", "1": "glycogen to glucose-1-phosphate.", "2": "glycogen or glucose to fructose.", "3": "glycogen or glucose to pyruvate or lactate.", "4": "glycogen or glucose to pyruvate or acetyl CoA.", "5": "C", "Answer": "glycogen or glucose to pyruvate or lactate."}, {"Question": "Which of the following represents an accurate statement concerning arthropods?", "1": "They possess an exoskeleton composed primarily of peptidoglycan.", "2": "They possess an open circulatory system with a dorsal heart.", "3": "They are members of a biologically unsuccessful phylum incapable of exploiting diverse habitats and nutrition sources.", "4": "They lack paired, jointed appendages.", "5": "B", "Answer": "They possess an open circulatory system with a dorsal heart."}, {"Question": "In a given population, 1 out of every 400 people has a cancer caused by a completely recessive allele, b. Assuming the population is in Hardy-Weinberg equilibrium, which of the following is the expected proportion of individuals who carry the b allele but are not expected to develop the cancer?", "1": "1/400", "2": "19/400", "3": "20/400", "4": "38/400", "5": "D", "Answer": "38/400"}, {"Question": "The presence of homologous structures in two different organisms, such as the humerus in the front limb of a human and a bird, indicates that", "1": "the human and bird are polyphyletic species", "2": "a human's and bird's evolution is convergent", "3": "the human and bird belong to a clade", "4": "the human and bird developed by analogy", "5": "C", "Answer": "the human and bird belong to a clade"}, {"Question": "According to the pressure-flow model of movement of phloem contents, photosynthate movement from source to sink is driven by", "1": "an ATP-dependent pressure-flow pump", "2": "a water-pressure potential gradient", "3": "transpiration", "4": "apoplastic diffusion", "5": "B", "Answer": "a water-pressure potential gradient"}, {"Question": "Which of the following contain DNA sequences required for the segregation of chromosomes in mitosis and meiosis?", "1": "Telomeres", "2": "Centromeres", "3": "Nucleosomes", "4": "Spliceosomes", "5": "B", "Answer": "Centromeres"}, {"Question": "Large triplet repeat expansions can be detected by:", "1": "polymerase chain reaction.", "2": "single strand conformational polymorphism analysis.", "3": "Southern blotting.", "4": "Western blotting.", "5": "C", "Answer": "Southern blotting."}, {"Question": "DNA ligase is", "1": "an enzyme that joins fragments in normal DNA replication", "2": "an enzyme of bacterial origin which cuts DNA at defined base sequences", "3": "an enzyme that facilitates transcription of specific genes", "4": "an enzyme which limits the level to which a particular nutrient reaches", "5": "A", "Answer": "an enzyme that joins fragments in normal DNA replication"}, {"Question": "A gene showing codominance", "1": "has both alleles independently expressed in the heterozygote", "2": "has one allele dominant to the other", "3": "has alleles tightly linked on the same chromosome", "4": "has alleles expressed at the same time in development", "5": "A", "Answer": "has both alleles independently expressed in the heterozygote"}, {"Question": "Which of the following conditions does not show multifactorial inheritance?", "1": "Pyloric stenosis", "2": "Schizophrenia", "3": "Spina bifida (neural tube defects)", "4": "Marfan syndrome", "5": "D", "Answer": "Marfan syndrome"}, {"Question": "The stage of meiosis in which chromosomes pair and cross over is:", "1": "prophase I", "2": "metaphase I", "3": "prophase II", "4": "metaphase II", "5": "A", "Answer": "prophase I"}, {"Question": "A 42-year-old man comes to the office for preoperative evaluation prior to undergoing adrenalectomy scheduled in 2 weeks. One month ago, he received care in the emergency department for pain over his right flank following a motor vehicle collision. At that time, blood pressure was 160/100 mm Hg and CT scan of the abdomen showed an incidental 10-cm left adrenal mass. Results of laboratory studies, including complete blood count, serum electrolyte concentrations, and liver function tests, were within the reference ranges. The patient otherwise had been healthy and had never been told that he had elevated blood pressure. He takes no medications. A follow-up visit in the office 2 weeks ago disclosed elevated urinary normetanephrine and metanephrine and plasma aldosterone concentrations. The patient was referred to a surgeon, who recommended the adrenalectomy. Today, vital signs are temperature 36.6\u00b0C (97.9\u00b0F), pulse 100/min, respirations 14/min, and blood pressure 170/95 mm Hg. Physical examination discloses no significant findings. Initial preoperative preparation should include treatment with which of the following?", "1": "Labetalol", "2": "A loading dose of potassium chloride", "3": "Nifedipine", "4": "Phenoxybenzamine", "5": "D", "Answer": "Phenoxybenzamine"}, {"Question": "A 36-year-old male presents to the office with a\u00a03-week\u00a0history of low back pain. He denies any recent trauma but says that he climbs in and out of his truck numerous times a day for his job. Examination of the patient in the prone position reveals a deep sacral sulcus on the left, a posterior inferior lateral angle on the right, and a lumbosacral junction that springs freely on compression. The most likely diagnosis is", "1": "left-on-left sacral torsion", "2": "left-on-right sacral torsion", "3": "right unilateral sacral flexion", "4": "right-on-right sacral torsion", "5": "D", "Answer": "right-on-right sacral torsion"}, {"Question": "A previously healthy 32-year-old woman comes to the physician 8 months after her husband was killed in a car crash. Since that time, she has had a decreased appetite and difficulty falling asleep. She states that she is often sad and cries frequently. She has been rechecking the door lock five times before leaving her house and has to count exactly five pieces of toilet paper before she uses it. She says that she has always been a perfectionist but these urges and rituals are new. Pharmacotherapy should be targeted to which of the following neurotransmitters?", "1": "Dopamine", "2": "Glutamate", "3": "Norepinephrine", "4": "Serotonin", "5": "D", "Answer": "Serotonin"}, {"Question": "A 44-year-old man comes to the office because of a 3-day history of sore throat, nonproductive cough, runny nose, and frontal headache. He says the headache is worse in the morning and ibuprofen does provide some relief. He has not had shortness of breath. Medical history is unremarkable. He takes no medications other than the ibuprofen for pain. Vital signs are temperature 37.4\u00b0C (99.4\u00b0F), pulse 88/min, respirations 18/min, and blood pressure 120/84 mm Hg. Examination of the nares shows erythematous mucous membranes. Examination of the throat shows erythema and follicular lymphoid hyperplasia on the posterior oropharynx. There is no palpable cervical adenopathy. Lungs are clear to auscultation. Which of the following is the most likely cause of this patient's symptoms?", "1": "Allergic rhinitis", "2": "Epstein-Barr virus", "3": "Mycoplasma pneumoniae", "4": "Rhinovirus", "5": "D", "Answer": "Rhinovirus"}, {"Question": "A 22-year-old male marathon runner presents to the office with the complaint of right-sided rib pain when he runs long distances. Physical examination reveals normal heart and lung findings and an exhalation dysfunction at ribs\u00a04-5 on the right. Which of the following muscles or muscle groups will be most useful in correcting this dysfunction utilizing a direct method?", "1": "anterior scalene", "2": "latissimus dorsi", "3": "pectoralis minor", "4": "quadratus lumborum", "5": "C", "Answer": "pectoralis minor"}, {"Question": "A 67-year-old woman comes to the physician for a follow-up examination. She had a pulmonary embolism and required treatment in the hospital for 3 weeks. She had a retroperitoneal hemorrhage; anticoagulant therapy was temporarily discontinued, and she underwent placement of an inferior vena cava (IVC) filter. She had a hematoma that was resolving on discharge from the hospital 2 weeks ago. Today, she says she has had a persistent sensation of tingling and numbness of her left thigh that she did not report in the hospital because she thought it would go away; the sensation has improved somewhat during the past week. Her only medication is warfarin. Vital signs are within normal limits. Examination of the skin shows no abnormalities. Muscle strength is normal. Sensation to light touch is decreased over a 5 x 5-cm area on the lateral aspect of the left anterior thigh. Which of the following is the most likely cause of this patient's decreased sensation?", "1": "Cerebral infarction during the hospitalization", "2": "Complication of the IVC filter placement", "3": "Compression of the lateral femoral cutaneous nerve", "4": "Hematoma of the left thigh", "5": "C", "Answer": "Compression of the lateral femoral cutaneous nerve"}, {"Question": "A 25-year-old gravida 3 para 2 female is admitted to the hospital at 39\u00a0weeks' gestation in active labor. She had been having regular contractions every 4\u00a0minutes, but is now having only a few intermittent, weak contractions. She has received medication for pain twice in the past 6\u00a0hours. Examination shows no reason for obstructed labor. The fetal head is engaged, the membranes are intact, the fetal heart tones are normal, and the cervix is 100%\u00a0effaced and 7\u00a0cm dilated. The most likely diagnosis is", "1": "Braxton Hicks contractions", "2": "lower uterine retraction ring", "3": "hypotonic uterine dysfunction", "4": "primary dysfunctional labor", "5": "C", "Answer": "hypotonic uterine dysfunction"}, {"Question": "A 5-year-old boy is brought to the physician by his mother because of a 2-day history of a low-grade fever, cough, and runny nose. His temperature is 38\u00b0C (100.4\u00b0F). Examination findings are consistent with a diagnosis of a common cold. The physician refers to a randomized, double-blind, placebo-controlled clinical trial that evaluated the effectiveness of a new drug for the treatment of the common cold. The mean time for resolution of symptoms for patients receiving the new drug was 6.4 days, compared with a mean time of 6.7 days for patients receiving the placebo (p=0.04). Which of the following is the most appropriate interpretation of these study results?", "1": "The findings are clinically and statistically significant", "2": "The findings are clinically insignificant but statistically significant", "3": "The findings are clinically significant but statistically insignificant", "4": "The findings are neither clinically nor statistically significant", "5": "B", "Answer": "The findings are clinically insignificant but statistically significant"}, {"Question": "A 9-year-old boy is brought to the office by his parents for a well-child examination. The patient and his family immigrated to the United States 2 months ago and he has not been evaluated by a physician in 4 years. He has been generally healthy. Medical history is significant for pneumonia at age 3 years. He takes no medications. He is at the 25th percentile for height, weight, and BMI. Vital signs are temperature 37.0\u00b0C (98.6\u00b0F), pulse 82/min, respirations 20/min, and blood pressure 112/74 mm Hg. Cardiac examination discloses a grade 3/6 systolic murmur audible along the left sternal border at the third and fourth intercostal spaces. Femoral pulses are weak and brachial pulses are strong; there is a radiofemoral delay. Chest xray discloses mild cardiomegaly with left ventricular prominence. ECG shows left ventricular hypertrophy. This patient is at greatest risk for which of the following complications?", "1": "Atrial fibrillation", "2": "Cor pulmonale", "3": "Systemic hypertension", "4": "Tricuspid valve regurgitation", "5": "C", "Answer": "Systemic hypertension"}, {"Question": "A 25-year-old woman comes to the physician because of a 2-month history of numbness in her right hand. During this period, she has had tingling in the right ring and small fingers most of the time. She has no history of serious illness and takes no medications. She is employed as a cashier and uses a computer at home. She played as a pitcher in a softball league for 5 years until she stopped 2 years ago. Vital signs are within normal limits. Examination shows full muscle strength. Palpation of the right elbow produces a jolt of severe pain in the right ring and small fingers. Sensation to pinprick and light touch is decreased over the medial half of the right ring finger and the entire small finger. The most likely cause of these findings is entrapment of which of the following on the right?", "1": "Median nerve at the wrist", "2": "Musculocutaneous nerve at the forearm", "3": "Radial nerve at the forearm", "4": "Ulnar nerve at the elbow", "5": "D", "Answer": "Ulnar nerve at the elbow"}, {"Question": "Six healthy subjects participate in a study of muscle metabolism during which hyperglycemia and hyperinsulinemia is induced. Muscle biopsy specimens obtained from the subjects during the resting state show significantly increased concentrations of malonyl-CoA. The increased malonyl-CoA concentration most likely directly inhibits which of the following processes in these subjects?", "1": "Fatty acid oxidation", "2": "Fatty acid synthesis", "3": "Gluconeogenesis", "4": "Glycogenolysis", "5": "A", "Answer": "Fatty acid oxidation"}, {"Question": "A 72-year-old woman with advanced ovarian cancer metastatic to the liver is brought to the physician by her son because she cries all the time and will not get out of bed. On a 10-point scale, she rates the pain as a 1 to 2. She also has hypertension and major depressive disorder. She has received chemotherapy for 2 years. Current medications also include oxycodone (10 mg twice daily), hydrochlorothiazide (25 mg/d), and fluoxetine (20 mg/d). She is 165 cm (5 ft 5 in) tall and weighs 66 kg (145 lb); BMI is 24 kg/m2 . Her temperature is 37\u00b0C (98.6\u00b0F), pulse is 110/min, respirations are 12/min, and blood pressure is 120/80 mm Hg. Examination shows a firm, distended abdomen with moderate tenderness over the liver. On mental status examination, she is oriented to person, place, and time. She has good eye contact but appears sad and cries easily. Which of the following is the most appropriate next step in management?", "1": "Reassurance", "2": "Assess for suicidal ideation", "3": "Begin dextroamphetamine therapy", "4": "Increase oxycodone dosage", "5": "B", "Answer": "Assess for suicidal ideation"}, {"Question": "A 65-year-old woman has a 6-month history of progressive irritability, palpitations, heat intolerance, frequent bowel movements, and a 6.8-kg (15-lb) weight loss. She has had a neck mass for more than 10 years. 131I scan shows an enlarged thyroid gland with multiple areas of increased and decreased uptake. Which of the following is the most likely diagnosis?", "1": "Defect in thyroxine (T4) biosynthesis", "2": "Graves' disease", "3": "Multinodular goiter", "4": "Riedel's thyroiditis", "5": "C", "Answer": "Multinodular goiter"}, {"Question": "A 51-year-old man comes to the office because of a 6-month history of a lump on his tongue that is interfering with his speech and eating; he also has had a 6.8-kg (15-lb) weight loss during this period. He has smoked 1 pack of cigarettes daily and has consumed six 12-oz bottles of beer on weekend nights during the past 30 years. His vital signs are within normal limits. Physical examination shows a 1.5-cm mass on the apex of the tongue. Further evaluation of the mass confirms squamous cell carcinoma. It is most appropriate to evaluate which of the following lymph nodes first for evidence of metastasis in this patient?", "1": "Inferior deep cervical", "2": "Parotid", "3": "Retropharyngeal", "4": "Submental", "5": "D", "Answer": "Submental"}, {"Question": "A 42-year-old man comes to the physician for a follow-up examination 1 week after he passed a renal calculus. X-ray crystallographic analysis of the calculus showed calcium as the primary cation. Physical examination today shows no abnormalities. A 24-hour collection of urine shows increased calcium excretion. Which of the following is the most appropriate pharmacotherapy?", "1": "Carbonic anhydrase inhibitor", "2": "Na+ \u2013Cl\u2212 symport inhibitor", "3": "Na+ \u2013K + \u20132Cl\u2212 symport inhibitor", "4": "Osmotic diuretic", "5": "B", "Answer": "Na+ \u2013Cl\u2212 symport inhibitor"}, {"Question": "While you are on rounds at a local nursing facility, the nurse mentions that your patient, a 79-year-old woman, appears to be a \"poor eater.\" She was admitted to the nursing facility 3 months ago from the hospital where she was treated for congestive heart failure. Her daughter had moved away from the area, and nursing home placement was necessary because the patient could no longer function independently. Her present medications include furosemide and digoxin. Physical examination is normal except for a weight loss of 3.5 kg (7 lb) during the past 3 months. In your conversation with the patient, she says, \"No, I'm not depressed, I just don't have an appetite anymore. Nothing tastes good to me. I have a little bit of nausea most of the time.\" Which of the following is the most appropriate initial diagnostic study?", "1": "Chest x-ray", "2": "Complete blood count", "3": "Determination of serum albumin concentration", "4": "Determination of serum digoxin level", "5": "D", "Answer": "Determination of serum digoxin level"}, {"Question": "A previously healthy 24-year-old woman comes to the physician because of a low-grade fever and a nonproductive cough for 7 days. She has been able to continue her daily activities. Her temperature is 37.7\u00b0C (99.9\u00b0F). A few scattered inspiratory crackles are heard in the thorax. An x-ray of the chest shows patchy infiltrates in both lungs. Which of the following is the most appropriate initial pharmacotherapy?", "1": "Amoxicillin", "2": "Cefaclor", "3": "Ciprofloxacin", "4": "Erythromycin", "5": "D", "Answer": "Erythromycin"}, {"Question": "A 15-year-old boy is brought to the emergency department by his parents because of a 2-hour history of confusion and agitation. He also has had fever, headache, stiff neck, and vomiting since he returned from summer camp 2 days ago. His parents say he does not use illicit drugs. On arrival, he is combative and there is evidence of hallucinations. His temperature is 40\u00b0C (104\u00b0F), pulse is 80/min, respirations are 17/min, and blood pressure is 100/70 mm Hg. A lumbar puncture is performed. Results of cerebrospinal fluid analysis show cysts and trophozoites. The most likely portal of pathogen entry into this patient's central nervous system is which of the following?", "1": "Facial nerve", "2": "Frontal sinus", "3": "Mastoid sinus", "4": "Olfactory nerve", "5": "D", "Answer": "Olfactory nerve"}, {"Question": "A 32-year-old male presents to the office with the complaint of pain in his right shoulder for the past two weeks. Physical examination reveals tenderness at the greater tubercle of the humerus and painful abduction of the right upper extremity. The cause of this patient's condition is most likely a somatic dysfunction of which of the following muscles?", "1": "anterior scalene", "2": "latissimus dorsi", "3": "pectoralis minor", "4": "supraspinatus", "5": "D", "Answer": "supraspinatus"}, {"Question": "A 19-year-old male presents to the office for evaluation after he was hit from behind below the right knee while playing football. Gait analysis reveals a lack of fluid motion. Standing flexion test results are negative. Cruciate and collateral knee ligaments appear intact. Foot drop on the right is noted. The most likely diagnosis is", "1": "anteriorly deviated distal femur", "2": "plantar flexed cuboid", "3": "posteriorly deviated fibular head", "4": "unilateral sacral shear", "5": "C", "Answer": "posteriorly deviated fibular head"}, {"Question": "A 45-year-old limousine driver comes to the office for an initial appointment because he would like you to fill out and sign a legal document at the request of his attorney. The patient states that he is filing a lawsuit against the limousine company that employs him because he developed post-traumatic stress disorder following a motor vehicle collision. He appears irritable and tense as he provides his history. He relays his symptoms by reading them aloud from a written list. At this time, which of the following is the most appropriate approach toward confirming the underlying diagnosis of this patient?", "1": "Administer amobarbital and then interview the patient", "2": "Ask the patient to provide a narrative with detailed description of the incident and of his symptoms", "3": "Interview the patient under hypnosis", "4": "Interview the patient while paying close attention to his willingness to make eye contact", "5": "B", "Answer": "Ask the patient to provide a narrative with detailed description of the incident and of his symptoms"}, {"Question": "A 5-year-old boy is admitted to the hospital because of a 1-week history of fever and increasingly severe abdominal discomfort. At the age of 7 months, he was treated for osteomyelitis caused by Aspergillus fumigatus. He has been admitted to the hospital three times during the past 4 years for severe pneumonia. He appears moderately ill. His temperature is 39\u00b0C (102.2\u00b0F). Abdominal examination shows an enlarged, tender liver. Ultrasonography of the abdomen shows an intrahepatic abscess. Culture of the abscess fluid grows Staphylococcus aureus. Further analysis shows failure of the neutrophils to undergo an oxidative burst when exposed to S. aureus. This patient has an increased susceptibility to infection as a result of which of the following abnormalities?", "1": "Failure of leukocytes to migrate between endothelial cells", "2": "Failure of leukocytes to roll along the endothelial surface", "3": "Inability of leukocytes to ingest microorganisms", "4": "Inability of leukocytes to kill intracellular microorganisms", "5": "D", "Answer": "Inability of leukocytes to kill intracellular microorganisms"}, {"Question": "A technician wants to determine whether cytomegalovirus (CMV) DNA is present in the blood of a bone marrow transplant recipient. DNA purified from the leukocytes of the patient is reacted in a mixture containing oligonucleotides specific for CMV DNA, thermostable DNA polymerase, and nucleotides. Repetitive cycles of heating and cooling are performed, and the reaction product is detected by gel electrophoresis. The technician most likely used which of the following laboratory procedures on this patient's blood?", "1": "Northern blotting", "2": "Polymerase chain reaction", "3": "Reverse transcription", "4": "Southern blotting", "5": "B", "Answer": "Polymerase chain reaction"}, {"Question": "A 2-year-old boy is brought to the emergency department by his babysitter because of a 30-minute history of respiratory distress. The babysitter reports that she is 15 years old and has cared for the patient on numerous occasions during the past year. The child's mother, who is a single parent, is currently out of town for business but will return later tonight. The babysitter says, \"He has had a runny nose since I started babysitting yesterday, but this afternoon he awoke from a nap with a barking sound and he was breathing real heavy.\" She does not know the child's prior health history, nor does she know if the boy takes any medications on a regular basis. The child looks tired and sits upright on the babysitter's lap. He is obviously comfortable with his caregiver. Vital signs are temperature 38.7\u00b0C (101.7\u00b0F), pulse 110/min, respirations 28/min and labored, and blood pressure 85/50 mm Hg. Pulse oximetry on room air shows an oxygen saturation of 89%. Physical examination discloses inspiratory stridor. Neck is supple, tympanic membranes are normal, and there is a profuse nasal discharge. Examination of the pharynx discloses no abnormalities. Auscultation of the chest discloses equal air entry on both sides and no crackles. The remainder of the examination shows no abnormalities. Treatment with 40% oxygen via venturi mask and intravenous fluids is initiated. Despite continued supplemental oxygen and hydration, the child remains tachypneic and stridorous at rest. Oxygen saturation is now 93%. In addition to administering racemic epinephrine by nebulizer, which of the following is the most appropriate next step?", "1": "Intravenous aminophylline therapy", "2": "Intravenous antibiotic therapy", "3": "Intubation", "4": "Oral dexamethasone therapy", "5": "D", "Answer": "Oral dexamethasone therapy"}, {"Question": "A 16-year-old boy is brought to the physician because of a 3-day history of abdominal pain and vomiting; he also has had decreased appetite during this period. The pain was initially on the right but now has become generalized. His temperature is 38.8\u00b0C (101.8\u00b0F), pulse is 100/min, respirations are 20/min, and blood pressure is 143/83 mm Hg. Abdominal examination shows guarding with diffuse rebound tenderness. There are no palpable masses. A CT scan of the abdomen shows a perforated appendix. Examination of peritoneal fluid from this patient will most likely show which of the following organisms?", "1": "Candida albicans", "2": "Citrobacter freundii", "3": "Escherichia coli", "4": "Staphylococcus aureus", "5": "C", "Answer": "Escherichia coli"}]